task_name,total,correct,wrong,score,accuracy,precision,recall,f1_score,point_score
reasoning_nota,18866,10987,7879,90.1725,58.237,0.5823704017809817,0.5823704017809817,0.5823704017809817,True
reasoning_nota,18866,10987,7879,188.66,58.237,0.5823704017809817,0.5823704017809817,0.5823704017809817,False
